{
    "step": 199,
    "train": {
        "loss": 0.0010604384420716815,
        "accuracy": 0.9758503336084087
    },
    "valid": {
        "loss": 0.010105588811077414,
        "accuracy": 0.9722945409733087
    },
    "f1_score_macro": 0.5805387205387207,
    "error_rate": 0.5883333333333337
}