{
    "step": 40,
    "train": {
        "loss": 0.0031139504764229058,
        "accuracy": 0.9595848336884466
    },
    "valid": {
        "loss": 0.022239738649129866,
        "accuracy": 0.9366638080018947
    },
    "f1_score_macro": 0.8185663999999991,
    "error_rate": 0.25705919999999993
}