{
    "step": 499,
    "train": {
        "loss": 0.0013144040409084712,
        "accuracy": 0.9713118244783852
    },
    "valid": {
        "loss": 0.010256548190026306,
        "accuracy": 0.9723546047311347
    },
    "f1_score_macro": 0.5788282828282836,
    "error_rate": 0.5874511784511784
}