{
    "step": 499,
    "train": {
        "loss": 0.0014272748014411412,
        "accuracy": 0.9702053998928999
    },
    "valid": {
        "loss": 0.011231542017461883,
        "accuracy": 0.9716629654129655
    },
    "f1_score_macro": 0.5079324324324322,
    "error_rate": 0.6550945945945945
}