{
    "step": 112,
    "train": {
        "loss": 0.004221185576543212,
        "accuracy": 0.9499787803105976
    },
    "valid": {
        "loss": 0.025534447886049746,
        "accuracy": 0.9307006266460809
    },
    "f1_score_macro": 0.8024399999999996,
    "error_rate": 0.2787488
}