{
    "step": 499,
    "train": {
        "loss": 0.0027754176112394485,
        "accuracy": 0.9431767527005622
    },
    "valid": {
        "loss": 0.0177879148611316,
        "accuracy": 0.9468657444847921
    },
    "f1_score_macro": 0.4934999999999999,
    "error_rate": 0.670125
}