{
    "step": 57,
    "train": {
        "loss": 0.002105030218884349,
        "accuracy": 0.946478889292526
    },
    "valid": {
        "loss": 0.021332881620526312,
        "accuracy": 0.9337077891805168
    },
    "f1_score_macro": 0.8084832000000002,
    "error_rate": 0.26870880000000025
}