{
    "step": 477,
    "train": {
        "loss": 0.0024489626288414002,
        "accuracy": 0.944204781109543
    },
    "valid": {
        "loss": 0.018320259439264745,
        "accuracy": 0.9477827493155186
    },
    "f1_score_macro": 0.5384166666666667,
    "error_rate": 0.6180833333333331
}