{
    "step": 499,
    "train": {
        "loss": 0.001434043122178598,
        "accuracy": 0.9701270716895722
    },
    "valid": {
        "loss": 0.011907120298191503,
        "accuracy": 0.9703248328248325
    },
    "f1_score_macro": 0.5322432432432432,
    "error_rate": 0.6289189189189192
}