{
    "step": 129,
    "train": {
        "loss": 0.002337638338287967,
        "accuracy": 0.977570564516129
    },
    "valid": {
        "loss": 0.02535092397862526,
        "accuracy": 0.8765743073047859
    },
    "f1_score macro": 0.8046983246667696
}