{
    "step": 1,
    "train": {
        "loss": 0.029233924563143502,
        "accuracy": 0.6663851351351351
    },
    "valid": {
        "loss": 0.012892212992458529,
        "accuracy": 0.75
    }
}