{
    "step": 315,
    "train": {
        "loss": 0.0022724738495408995,
        "accuracy": 0.9459337336432507
    },
    "valid": {
        "loss": 0.017882291947013487,
        "accuracy": 0.9478215077987215
    },
    "f1_score_macro": 0.5128526315789473,
    "error_rate": 0.6465578947368422
}