{
    "step": 186,
    "train": {
        "loss": 0.0011889887606927768,
        "accuracy": 0.9732708518863339
    },
    "valid": {
        "loss": 0.011974339067472695,
        "accuracy": 0.9668295620142483
    },
    "f1_score_macro": 0.4742396694214878,
    "error_rate": 0.6905619834710743
}