{
    "step": 499,
    "train": {
        "loss": 0.0025758283478873115,
        "accuracy": 0.9469707981612744
    },
    "valid": {
        "loss": 0.01735841749082408,
        "accuracy": 0.9476661463976476
    },
    "f1_score_macro": 0.5254333333333334,
    "error_rate": 0.6301666666666667
}