{
    "step": 242,
    "train": {
        "loss": 0.001347447839874578,
        "accuracy": 0.9701985173033232
    },
    "valid": {
        "loss": 0.01220460010912105,
        "accuracy": 0.9685365040000502
    },
    "f1_score_macro": 0.4590935251798561,
    "error_rate": 0.7020539568345331
}