{
    "step": 53,
    "train": {
        "loss": 0.001021552644856274,
        "accuracy": 0.9741998594341845
    },
    "valid": {
        "loss": 0.025430269674956797,
        "accuracy": 0.939015056818182
    },
    "f1_score_macro": 0.8265167999999996,
    "error_rate": 0.24515200000000026
}