{
    "step": 499,
    "train": {
        "loss": 0.002334057944865266,
        "accuracy": 0.9449791805990152
    },
    "valid": {
        "loss": 0.017167751317617122,
        "accuracy": 0.9491165250093824
    },
    "f1_score_macro": 0.5478631578947367,
    "error_rate": 0.6133263157894737
}