{
    "step": 120,
    "train": {
        "loss": 0.0014273119382992709,
        "accuracy": 0.968049347446794
    },
    "valid": {
        "loss": 0.012453074967920386,
        "accuracy": 0.9662245188327815
    },
    "f1_score_macro": 0.40622368421052624,
    "error_rate": 0.7394999999999997
}