{
    "step": 125,
    "train": {
        "loss": 0.0006902089716513965,
        "accuracy": 0.9842143012336033
    },
    "valid": {
        "loss": 0.012177520209595128,
        "accuracy": 0.9705681250703357
    },
    "f1_score_macro": 0.5725806451612898,
    "error_rate": 0.6086505376344084
}