{
    "step": 190,
    "train": {
        "loss": 0.0013773260184520267,
        "accuracy": 0.969123889711501
    },
    "valid": {
        "loss": 0.012098699642123336,
        "accuracy": 0.96656333075557
    },
    "f1_score_macro": 0.5335123966942146,
    "error_rate": 0.6333553719008267
}