{
    "step": 225,
    "train": {
        "loss": 0.0010066640382235077,
        "accuracy": 0.9766778679064939
    },
    "valid": {
        "loss": 0.009886971978748231,
        "accuracy": 0.9720947548300864
    },
    "f1_score_macro": 0.6041986531986536,
    "error_rate": 0.5865252525252521
}