{
    "step": 499,
    "train": {
        "loss": 0.002779448690710875,
        "accuracy": 0.9436602859221905
    },
    "valid": {
        "loss": 0.017682175984773688,
        "accuracy": 0.9494370268179793
    },
    "f1_score_macro": 0.5187083333333332,
    "error_rate": 0.6420833333333335
}