{
    "step": 499,
    "train": {
        "loss": 0.0026799830258207977,
        "accuracy": 0.9457671517195326
    },
    "valid": {
        "loss": 0.017212133673482417,
        "accuracy": 0.9479577856956293
    },
    "f1_score_macro": 0.5326500000000002,
    "error_rate": 0.6206999999999997
}