{
    "step": 499,
    "train": {
        "loss": 0.0026073326430623494,
        "accuracy": 0.9470387857292619
    },
    "valid": {
        "loss": 0.01730117691684727,
        "accuracy": 0.9483002902664633
    },
    "f1_score_macro": 0.5365333333333333,
    "error_rate": 0.6130833333333333
}