{
    "step": 250,
    "train": {
        "loss": 0.0024346057227048923,
        "accuracy": 0.9450654529389881
    },
    "valid": {
        "loss": 0.01928222037497021,
        "accuracy": 0.9454769827491181
    },
    "f1_score_macro": 0.46537500000000004,
    "error_rate": 0.6897083333333334
}