{
    "step": 499,
    "train": {
        "loss": 0.0021069745879745147,
        "accuracy": 0.9495072765675523
    },
    "valid": {
        "loss": 0.018851050110140318,
        "accuracy": 0.9456903162136886
    },
    "f1_score_macro": 0.495,
    "error_rate": 0.6583055555555553
}