{
    "step": 499,
    "train": {
        "loss": 0.0020733854258712216,
        "accuracy": 0.950983315478487
    },
    "valid": {
        "loss": 0.01898731634965245,
        "accuracy": 0.9456089360053548
    },
    "f1_score_macro": 0.481027777777778,
    "error_rate": 0.6708055555555557
}