{
    "step": 72,
    "train": {
        "loss": 0.0014327870555222034,
        "accuracy": 0.9631130785392997
    },
    "valid": {
        "loss": 0.027275472861528396,
        "accuracy": 0.9297579900568183
    },
    "f1_score_macro": 0.7999312000000007,
    "error_rate": 0.2775967999999999
}