{
    "step": 499,
    "train": {
        "loss": 0.002711730251972427,
        "accuracy": 0.9456163325210941
    },
    "valid": {
        "loss": 0.018445935441364705,
        "accuracy": 0.9463951541416329
    },
    "f1_score_macro": 0.5098333333333334,
    "error_rate": 0.6416944444444443
}