{
    "step": 174,
    "train": {
        "loss": 0.0010591994998091036,
        "accuracy": 0.9754777733666434
    },
    "valid": {
        "loss": 0.010260903101054741,
        "accuracy": 0.9722319094365007
    },
    "f1_score_macro": 0.5851827956989245,
    "error_rate": 0.584290322580645
}