{
    "step": 0,
    "train": {
        "accuracy": 0.2795608108108108
    },
    "valid": {
        "accuracy": 0.3344594594594595
    },
    "f1_score_macro": 0.1704342607914036,
    "error_rate": 1.1920928955078125e-07
}