{
    "step": 499,
    "train": {
        "loss": 0.003292624281827735,
        "accuracy": 0.9360253943587277
    },
    "valid": {
        "loss": 0.022141754547966287,
        "accuracy": 0.9368906802417443
    },
    "f1_score_macro": 0.15425,
    "error_rate": 0.9091666666666667
}