{
    "step": 499,
    "train": {
        "loss": 0.002821328325404061,
        "accuracy": 0.9399155738441455
    },
    "valid": {
        "loss": 0.019668601177356863,
        "accuracy": 0.9461671485481009
    },
    "f1_score_macro": 0.49662500000000004,
    "error_rate": 0.65375
}