{
    "step": 499,
    "train": {
        "loss": 0.0014350911935892057,
        "accuracy": 0.9702444936819935
    },
    "valid": {
        "loss": 0.01196609708052632,
        "accuracy": 0.9702505827505826
    },
    "f1_score_macro": 0.5307972972972973,
    "error_rate": 0.6270945945945947
}