{
    "step": 402,
    "train": {
        "loss": 0.0012372212124604834,
        "accuracy": 0.9719917829066645
    },
    "valid": {
        "loss": 0.011717108285354667,
        "accuracy": 0.9682073851740817
    },
    "f1_score_macro": 0.47276258992805764,
    "error_rate": 0.6941978417266187
}