{
    "step": 499,
    "train": {
        "loss": 0.0013051210092423111,
        "accuracy": 0.9718377327227183
    },
    "valid": {
        "loss": 0.010909837438579671,
        "accuracy": 0.9714451427483167
    },
    "f1_score_macro": 0.5571559139784946,
    "error_rate": 0.6063817204301075
}