{
    "step": 499,
    "train": {
        "loss": 0.002482622723934079,
        "accuracy": 0.9474217518019175
    },
    "valid": {
        "loss": 0.01708380812926898,
        "accuracy": 0.9481938916462725
    },
    "f1_score_macro": 0.5448842105263161,
    "error_rate": 0.611357894736842
}