{
    "step": 396,
    "train": {
        "loss": 0.00274211575503505,
        "accuracy": 0.9384568852147451
    },
    "valid": {
        "loss": 0.020156716345481468,
        "accuracy": 0.9418155787874097
    },
    "f1_score_macro": 0.4888988764044945,
    "error_rate": 0.6619887640449438
}