{
    "step": 499,
    "train": {
        "loss": 0.002619923083555131,
        "accuracy": 0.9460589454637075
    },
    "valid": {
        "loss": 0.01720614822671983,
        "accuracy": 0.9482144001171485
    },
    "f1_score_macro": 0.5283333333333334,
    "error_rate": 0.6246666666666667
}