{
    "step": 499,
    "train": {
        "loss": 0.002550649982838591,
        "accuracy": 0.9471819502811238
    },
    "valid": {
        "loss": 0.01648817474525126,
        "accuracy": 0.9500059574464336
    },
    "f1_score_macro": 0.5567052631578947,
    "error_rate": 0.6077052631578951
}