{
    "step": 499,
    "train": {
        "loss": 0.0025137460872161487,
        "accuracy": 0.9478130822345698
    },
    "valid": {
        "loss": 0.016836754386387175,
        "accuracy": 0.9477270414770419
    },
    "f1_score_macro": 0.5461368421052629,
    "error_rate": 0.6139684210526314
}