{
    "step": 166,
    "train": {
        "loss": 0.002169721719622612,
        "accuracy": 0.9440412072775707
    },
    "valid": {
        "loss": 0.024851434937119485,
        "accuracy": 0.9221517997154355
    },
    "f1_score_macro": 0.7768639999999998,
    "error_rate": 0.3087728
}