{
    "step": 187,
    "train": {
        "loss": 0.001065174437365704,
        "accuracy": 0.9756397075586436
    },
    "valid": {
        "loss": 0.01018014611379916,
        "accuracy": 0.9717903174635971
    },
    "f1_score_macro": 0.5850909090909092,
    "error_rate": 0.5913131313131316
}