{
    "step": 499,
    "train": {
        "loss": 0.0013285212695334364,
        "accuracy": 0.9713402950578378
    },
    "valid": {
        "loss": 0.010386876592081576,
        "accuracy": 0.9718881793596873
    },
    "f1_score_macro": 0.5724141414141415,
    "error_rate": 0.5937609427609427
}