{
    "step": 35,
    "train": {
        "loss": 0.004671559849381447,
        "accuracy": 0.8671469445430868
    },
    "valid": {
        "loss": 0.03453286718726158,
        "accuracy": 0.8771164417613634
    },
    "f1_score_macro": 0.5980591999999997,
    "error_rate": 0.5100239999999995
}