{
    "step": 159,
    "train": {
        "loss": 0.0012311706560333437,
        "accuracy": 0.9721112608928432
    },
    "valid": {
        "loss": 0.01203260802103011,
        "accuracy": 0.9669754078901929
    },
    "f1_score_macro": 0.4832334801762116,
    "error_rate": 0.6726960352422906
}