{
    "step": 499,
    "train": {
        "loss": 0.0027295763569849508,
        "accuracy": 0.941607995179424
    },
    "valid": {
        "loss": 0.018745933733289203,
        "accuracy": 0.9484930853978473
    },
    "f1_score_macro": 0.5100833333333333,
    "error_rate": 0.641625
}