{
    "step": 375,
    "train": {
        "loss": 0.0027652681954970816,
        "accuracy": 0.9378256517766798
    },
    "valid": {
        "loss": 0.021101999461231098,
        "accuracy": 0.9390639290287184
    },
    "f1_score_macro": 0.46448314606741553,
    "error_rate": 0.682
}