{
    "step": 168,
    "train": {
        "loss": 0.0010612828185471344,
        "accuracy": 0.9756561571626599
    },
    "valid": {
        "loss": 0.01055945356167063,
        "accuracy": 0.9712898849968393
    },
    "f1_score_macro": 0.5779838709677424,
    "error_rate": 0.5974569892473114
}