{
    "step": 70,
    "train": {
        "loss": 0.004492807541415096,
        "accuracy": 0.9434205915296822
    },
    "valid": {
        "loss": 0.04756219160556793,
        "accuracy": 0.9139892410619688
    },
    "f1_score_macro": 0.7429792000000002,
    "error_rate": 0.38877119999999993
}