{
    "step": 152,
    "train": {
        "loss": 0.005685819921642542,
        "accuracy": 0.9252797399570123
    },
    "valid": {
        "loss": 0.0263592334151268,
        "accuracy": 0.9156910120182848
    },
    "f1_score_macro": 0.7588959999999998,
    "error_rate": 0.33175839999999995
}