{
    "step": 199,
    "train": {
        "loss": 0.0010112067900020475,
        "accuracy": 0.9765225541783552
    },
    "valid": {
        "loss": 0.010430201870476693,
        "accuracy": 0.9718901849894412
    },
    "f1_score_macro": 0.5844086021505381,
    "error_rate": 0.5966397849462364
}