{
    "step": 211,
    "train": {
        "loss": 0.0013741740266274955,
        "accuracy": 0.9698601822805653
    },
    "valid": {
        "loss": 0.012248823293472173,
        "accuracy": 0.9681564160412043
    },
    "f1_score_macro": 0.4388525179856115,
    "error_rate": 0.7146258992805755
}