{
    "step": 86,
    "train": {
        "loss": 0.0024959999732870274,
        "accuracy": 0.9421407171447861
    },
    "valid": {
        "loss": 0.01956937273070374,
        "accuracy": 0.9438309672855004
    },
    "f1_score_macro": 0.4348500000000002,
    "error_rate": 0.7230166666666665
}