{
    "step": 186,
    "train": {
        "loss": 0.001039218415487781,
        "accuracy": 0.9760937030654979
    },
    "valid": {
        "loss": 0.010506238944320402,
        "accuracy": 0.971597724805017
    },
    "f1_score_macro": 0.5790483870967743,
    "error_rate": 0.6056612903225806
}