{
    "step": 150,
    "train": {
        "loss": 0.0021786513027256807,
        "accuracy": 0.9751823204948209
    },
    "valid": {
        "loss": 0.01126910897752119,
        "accuracy": 0.9701234576234575
    },
    "f1_score_macro": 0.542054054054054,
    "error_rate": 0.6222432432432432
}