{
    "step": 115,
    "train": {
        "loss": 0.0036160988100278476,
        "accuracy": 0.9263618787500286
    },
    "valid": {
        "loss": 0.0216663549532766,
        "accuracy": 0.9405490562995847
    },
    "f1_score_macro": 0.3223370786516855,
    "error_rate": 0.8033314606741574
}