{
    "step": 499,
    "train": {
        "loss": 0.0024552959647060426,
        "accuracy": 0.9472266989209136
    },
    "valid": {
        "loss": 0.016577448331253238,
        "accuracy": 0.9498048248048249
    },
    "f1_score_macro": 0.5477894736842106,
    "error_rate": 0.6143473684210528
}