{
    "step": 499,
    "train": {
        "loss": 0.0023295068642324654,
        "accuracy": 0.9453386558345239
    },
    "valid": {
        "loss": 0.018343209835981564,
        "accuracy": 0.9467195062433162
    },
    "f1_score_macro": 0.5359473684210527,
    "error_rate": 0.6159789473684212
}