{
    "step": 94,
    "train": {
        "loss": 0.0008099830200895667,
        "accuracy": 0.9806978642569553
    },
    "valid": {
        "loss": 0.025060050164163114,
        "accuracy": 0.9371643205279577
    },
    "f1_score_macro": 0.8221904000000001,
    "error_rate": 0.2521696000000004
}