{
    "step": 499,
    "train": {
        "loss": 0.0014221989109206039,
        "accuracy": 0.9703476281601282
    },
    "valid": {
        "loss": 0.011333314576060386,
        "accuracy": 0.9710331897831898
    },
    "f1_score_macro": 0.5203783783783786,
    "error_rate": 0.6336486486486486
}