{
    "step": 46,
    "train": {
        "loss": 0.005818614086526777,
        "accuracy": 0.8810483870967742
    },
    "valid": {
        "loss": 0.15991395027247687,
        "accuracy": 0.7385390428211587
    },
    "f1_score_macro": 0.634900468361455,
    "error_rate": 1.1920928955078125e-07
}