{
    "step": 499,
    "train": {
        "loss": 0.0027032040217250743,
        "accuracy": 0.9408508158508158
    },
    "valid": {
        "loss": 0.018711780587201396,
        "accuracy": 0.9475321856274236
    },
    "f1_score_macro": 0.5254999999999999,
    "error_rate": 0.640375
}