{
    "step": 358,
    "train": {
        "loss": 0.0013503591399736355,
        "accuracy": 0.9708680780440415
    },
    "valid": {
        "loss": 0.012732672632606197,
        "accuracy": 0.9666192567859613
    },
    "f1_score_macro": 0.42751612903225805,
    "error_rate": 0.7225483870967743
}