{
    "step": 499,
    "train": {
        "loss": 0.0015149165769003964,
        "accuracy": 0.9657619178698678
    },
    "valid": {
        "loss": 0.013163453766571883,
        "accuracy": 0.9630573316042209
    },
    "f1_score_macro": 0.4578325991189428,
    "error_rate": 0.714101321585903
}