{
    "step": 499,
    "train": {
        "loss": 0.0011794452397830466,
        "accuracy": 0.972852361561105
    },
    "valid": {
        "loss": 0.011460863377372496,
        "accuracy": 0.9692745448371015
    },
    "f1_score_macro": 0.5065899280575539,
    "error_rate": 0.6732410071942443
}