{
    "step": 62,
    "train": {
        "loss": 0.0016029305767267942,
        "accuracy": 0.9584522594105113
    },
    "valid": {
        "loss": 0.026390834280848503,
        "accuracy": 0.9285225023674244
    },
    "f1_score_macro": 0.7948543999999995,
    "error_rate": 0.28484
}