{
    "step": 176,
    "train": {
        "loss": 0.005299581909924745,
        "accuracy": 0.9311705552023741
    },
    "valid": {
        "loss": 0.027889952598512173,
        "accuracy": 0.9128601156419341
    },
    "f1_score_macro": 0.7532159999999997,
    "error_rate": 0.3481552000000002
}