{
    "step": 499,
    "train": {
        "loss": 0.0037662918684343814,
        "accuracy": 0.9278223980604933
    },
    "valid": {
        "loss": 0.02426147365823705,
        "accuracy": 0.9467642286791221
    },
    "f1_score_macro": 0.44516666666666665,
    "error_rate": 0.686
}