{
    "step": 30,
    "train": {
        "loss": 0.002518147882039145,
        "accuracy": 0.9414294179455153
    },
    "valid": {
        "loss": 0.01880320308006615,
        "accuracy": 0.9446842730208721
    },
    "f1_score_macro": 0.6048880597014927,
    "error_rate": 0.5465671641791044
}