{
    "step": 4,
    "train": {
        "loss": 0.060651892386978386,
        "accuracy": 0.9190688560583461
    },
    "valid": {
        "loss": 0.03739294646688742,
        "accuracy": 0.9290013547300742
    },
    "f1_score_macro": 0.38178358208955204,
    "error_rate": 0.7676417910447759
}