{
    "step": 31,
    "train": {
        "loss": 0.0025905326171069944,
        "accuracy": 0.9399201502106876
    },
    "valid": {
        "loss": 0.019066875636242122,
        "accuracy": 0.9435797770966043
    },
    "f1_score_macro": 0.5891343283582094,
    "error_rate": 0.5634477611940297
}