{
    "step": 248,
    "train": {
        "loss": 0.0022794291458150063,
        "accuracy": 0.945876257211054
    },
    "valid": {
        "loss": 0.018066229342028152,
        "accuracy": 0.9472744856357911
    },
    "f1_score_macro": 0.5036797752808987,
    "error_rate": 0.6551292134831462
}