{
    "step": 499,
    "train": {
        "loss": 0.0028418188609143414,
        "accuracy": 0.9431098002526574
    },
    "valid": {
        "loss": 0.018014820558684214,
        "accuracy": 0.9466413216413214
    },
    "f1_score_macro": 0.47525,
    "error_rate": 0.6764166666666668
}