{
    "step": 389,
    "train": {
        "loss": 0.0026632251063562155,
        "accuracy": 0.9405471072137738
    },
    "valid": {
        "loss": 0.01963568379131841,
        "accuracy": 0.9461152110799999
    },
    "f1_score_macro": 0.5077500000000001,
    "error_rate": 0.6430833333333333
}