{
    "step": 499,
    "train": {
        "loss": 0.0013083703507645833,
        "accuracy": 0.9717670945841861
    },
    "valid": {
        "loss": 0.011041668006630865,
        "accuracy": 0.9713949566076503
    },
    "f1_score_macro": 0.5573172043010755,
    "error_rate": 0.6056505376344087
}