{
    "step": 499,
    "train": {
        "loss": 0.002433014207731479,
        "accuracy": 0.9440011047153903
    },
    "valid": {
        "loss": 0.018407455363938976,
        "accuracy": 0.9461311239852465
    },
    "f1_score_macro": 0.5205666666666665,
    "error_rate": 0.6348333333333336
}