{
    "step": 144,
    "train": {
        "loss": 0.002194494828644737,
        "accuracy": 0.9746589980964981
    },
    "valid": {
        "loss": 0.01062725397531648,
        "accuracy": 0.9709256396756393
    },
    "f1_score_macro": 0.5511891891891891,
    "error_rate": 0.6296756756756757
}