{
    "step": 478,
    "train": {
        "loss": 0.001333491232246947,
        "accuracy": 0.9711166393243656
    },
    "valid": {
        "loss": 0.010571189693329756,
        "accuracy": 0.9712162889875006
    },
    "f1_score_macro": 0.5600774410774413,
    "error_rate": 0.6028080808080805
}