{
    "step": 152,
    "train": {
        "loss": 0.002172121376969625,
        "accuracy": 0.975023864086364
    },
    "valid": {
        "loss": 0.010649630762133244,
        "accuracy": 0.9709736772236771
    },
    "f1_score_macro": 0.5467837837837838,
    "error_rate": 0.6170945945945946
}