{
    "step": 499,
    "train": {
        "loss": 0.002512857559298681,
        "accuracy": 0.9475849082047431
    },
    "valid": {
        "loss": 0.016574152405299837,
        "accuracy": 0.9494277217491504
    },
    "f1_score_macro": 0.5629052631578946,
    "error_rate": 0.5995157894736842
}