{
    "step": 499,
    "train": {
        "loss": 0.002838615229520848,
        "accuracy": 0.9428825693706646
    },
    "valid": {
        "loss": 0.018051543445498856,
        "accuracy": 0.94676311342978
    },
    "f1_score_macro": 0.4776666666666667,
    "error_rate": 0.6717083333333335
}