{
    "step": 499,
    "train": {
        "loss": 0.0013089197936482454,
        "accuracy": 0.9717360835415216
    },
    "valid": {
        "loss": 0.010652834150857172,
        "accuracy": 0.9721383275738438
    },
    "f1_score_macro": 0.557505376344086,
    "error_rate": 0.6038118279569895
}