{
    "step": 499,
    "train": {
        "loss": 0.002462873769500268,
        "accuracy": 0.9427453719120386
    },
    "valid": {
        "loss": 0.018216392407331607,
        "accuracy": 0.9466522730264804
    },
    "f1_score_macro": 0.5151833333333334,
    "error_rate": 0.64075
}