{
    "step": 499,
    "train": {
        "loss": 0.0013389781106429334,
        "accuracy": 0.971287937310737
    },
    "valid": {
        "loss": 0.01044467087943577,
        "accuracy": 0.9720396671008739
    },
    "f1_score_macro": 0.5733602693602693,
    "error_rate": 0.5905622895622896
}