{
    "step": 152,
    "train": {
        "loss": 0.0031740120655514414,
        "accuracy": 0.9662363602309126
    },
    "valid": {
        "loss": 0.013640413547699877,
        "accuracy": 0.9646481028614003
    },
    "f1_score_macro": 0.4702903225806452,
    "error_rate": 0.6857741935483873
}