{
    "step": 499,
    "train": {
        "loss": 0.0023722317877900665,
        "accuracy": 0.9487324063740079
    },
    "valid": {
        "loss": 0.019977387912729953,
        "accuracy": 0.9453337107989805
    },
    "f1_score_macro": 0.4186666666666667,
    "error_rate": 0.7143333333333333
}