{
    "step": 499,
    "train": {
        "loss": 0.002431152082940258,
        "accuracy": 0.945677203896605
    },
    "valid": {
        "loss": 0.020310968002106283,
        "accuracy": 0.9450990933898494
    },
    "f1_score_macro": 0.4006666666666667,
    "error_rate": 0.7290833333333334
}