{
    "step": 185,
    "train": {
        "loss": 0.0011106412999357122,
        "accuracy": 0.9748622436122437
    },
    "valid": {
        "loss": 0.011234837175170714,
        "accuracy": 0.9699787262287263
    },
    "f1_score_macro": 0.5530270270270269,
    "error_rate": 0.607581081081081
}