{
    "step": 92,
    "train": {
        "loss": 0.0007790146753191948,
        "accuracy": 0.9814799231071968
    },
    "valid": {
        "loss": 0.024699660467356443,
        "accuracy": 0.9375301244210341
    },
    "f1_score_macro": 0.8224511999999998,
    "error_rate": 0.25055040000000006
}