{
    "step": 173,
    "train": {
        "loss": 0.0010819858722962833,
        "accuracy": 0.975216012613099
    },
    "valid": {
        "loss": 0.009941896325415225,
        "accuracy": 0.9723797378926121
    },
    "f1_score_macro": 0.5901919191919193,
    "error_rate": 0.579956228956229
}