{
    "step": 499,
    "train": {
        "loss": 0.001309093165298991,
        "accuracy": 0.9718207705709812
    },
    "valid": {
        "loss": 0.010941966299085823,
        "accuracy": 0.9715975449263767
    },
    "f1_score_macro": 0.5544462365591398,
    "error_rate": 0.6110591397849459
}