{
    "step": 499,
    "train": {
        "loss": 0.002321645573151013,
        "accuracy": 0.9451655231820519
    },
    "valid": {
        "loss": 0.01747876155392203,
        "accuracy": 0.9478991026610076
    },
    "f1_score_macro": 0.5522105263157894,
    "error_rate": 0.6102210526315791
}