{
    "step": 499,
    "train": {
        "loss": 0.002548942616376927,
        "accuracy": 0.9471501382215669
    },
    "valid": {
        "loss": 0.017180872517962787,
        "accuracy": 0.9487614218058193
    },
    "f1_score_macro": 0.55995,
    "error_rate": 0.6010999999999999
}