{
    "step": 91,
    "train": {
        "loss": 0.0007668201267719269,
        "accuracy": 0.9817810371446729
    },
    "valid": {
        "loss": 0.025109268352389337,
        "accuracy": 0.9377796506523791
    },
    "f1_score_macro": 0.8246431999999996,
    "error_rate": 0.24707520000000022
}